"idx_epoch","idx_iter","metric"
0,645,4.308730955587541
1,1290,3.581615870127554
2,1935,3.3269758610468623
3,2580,3.2111433823418034
4,3225,3.144004769635197
5,3870,3.1095897990186945
6,4515,3.084367156046082
7,5160,3.06948577553954
8,5805,3.0670487921269496
9,6450,3.0700472747179988
10,7095,3.0739772985784817
11,7740,3.0769145034228678
12,8385,3.083690802140703
13,9030,3.090004182140385
14,9675,3.0894545166406138
