"idx_epoch","idx_iter","metric"
0,645,5.157301786320199
1,1290,4.319550384675136
2,1935,3.9596211700602417
3,2580,3.768866009322514
4,3225,3.6564237653484652
5,3870,3.595399318109759
6,4515,3.560744824089621
7,5160,3.54242155366758
8,5805,3.536270179626313
9,6450,3.5328362187527813
10,7095,3.5316910560622268
11,7740,3.5360083396440967
12,8385,3.5457068424237463
13,9030,3.544642208394057
14,9675,3.550080591983715
