"idx_epoch","idx_iter","metric"
0,984,4.821324704720054
1,1968,4.111404515345877
2,2952,3.818244131902411
3,3936,3.696039796628679
4,4920,3.5940265868188104
5,5904,3.545439503120327
6,6888,3.509617853511254
7,7872,3.4849330015229523
8,8856,3.4671700050200336
9,9840,3.4564956387925214
10,10824,3.4613041533526308
11,11808,3.4571174641375877
12,12792,3.4562195149381782
13,13776,3.4585339359578615
14,14760,3.4619738707399725
