"idx_epoch","idx_iter","metric"
0,984,4.736922338292882
1,1968,4.014133936779721
2,2952,3.6889377968998014
3,3936,3.5293196628373
4,4920,3.4478693743448745
5,5904,3.378920567161558
6,6888,3.336094434283067
7,7872,3.317107731105753
8,8856,3.3105335845870165
9,9840,3.300389187801206
10,10824,3.2992139918178305
11,11808,3.3008697148565695
12,12792,3.30072425299356
13,13776,3.3057432330390704
14,14760,3.3057461650043574
