"idx_epoch","idx_iter","metric"
0,984,4.445247348932495
1,1968,3.7805070786227484
2,2952,3.548488865121929
3,3936,3.4312096111249333
4,4920,3.3685803533797385
5,5904,3.340911314633031
6,6888,3.321596439477842
7,7872,3.3181861356304183
8,8856,3.317111084994919
9,9840,3.3219322760781815
10,10824,3.327523931902535
11,11808,3.339079191380024
12,12792,3.3446536510359417
13,13776,3.348834448635284
14,14760,3.3515180892571124
