"idx_epoch","idx_iter","metric"
0,984,4.545999557159377
1,1968,3.887698058858406
2,2952,3.645265912961481
3,3936,3.5266240832191467
4,4920,3.4608568450623727
5,5904,3.4243168510826996
6,6888,3.4081499239761577
7,7872,3.395703055374012
8,8856,3.386051376445822
9,9840,3.3895935103318777
10,10824,3.403510398699294
11,11808,3.40407003087255
12,12792,3.407404078549177
13,13776,3.4120846142581027
14,14760,3.4157630289273544
