"idx_epoch","idx_iter","metric"
0,984,5.326415495664186
1,1968,4.486043049508792
2,2952,4.154140085255311
3,3936,3.9720532298849736
4,4920,3.8771752370412575
5,5904,3.8283544751936587
6,6888,3.793278453879019
7,7872,3.774063573402031
8,8856,3.773123113937263
9,9840,3.778384313335184
10,10824,3.7833289504441328
11,11808,3.788629655450123
12,12792,3.7899478956145947
13,13776,3.796878140056036
14,14760,3.8009352560520395
