"idx_epoch","idx_iter","metric"
0,984,4.527050745469978
1,1968,3.845839270399331
2,2952,3.59960190471173
3,3936,3.4852858312159296
4,4920,3.4160355832410403
5,5904,3.375816926791291
6,6888,3.357678255776946
7,7872,3.343400749517956
8,8856,3.336515424709242
9,9840,3.3357854228208303
10,10824,3.344138948174128
11,11808,3.346581925843991
12,12792,3.3506166079893656
13,13776,3.3540652568990073
14,14760,3.357770023070571
