"idx_epoch","idx_iter","metric"
0,645,4.342443147694156
1,1290,3.670608725378375
2,1935,3.431521377019867
3,2580,3.308500666283445
4,3225,3.232782018218753
5,3870,3.1929535153220576
6,4515,3.169600324365866
7,5160,3.164404800989712
8,5805,3.1536338073573673
9,6450,3.1538644398381455
10,7095,3.155901252613823
11,7740,3.1685061883512673
12,8385,3.1726091525505082
13,9030,3.1759000601340217
14,9675,3.177622552653243
