"idx_epoch","idx_iter","metric"
0,645,4.340377306904658
1,1290,3.6505645919103835
2,1935,3.381275855404564
3,2580,3.2616533038400193
4,3225,3.189743109296235
5,3870,3.1533953380228783
6,4515,3.1239871436074655
7,5160,3.1160609308305385
8,5805,3.104805016712941
9,6450,3.103612838670417
10,7095,3.1074832681250304
11,7740,3.1126075409218075
12,8385,3.115558132615209
13,9030,3.120429297816961
14,9675,3.122037982889826
