"idx_epoch","idx_iter","metric"
0,645,4.53046888742597
1,1290,3.7984056048497785
2,1935,3.47365176865621
3,2580,3.3084389393367504
4,3225,3.2200736277813538
5,3870,3.1613778497832343
6,4515,3.133155457908755
7,5160,3.1113837886804188
8,5805,3.1016635635512904
9,6450,3.101498898891363
10,7095,3.107187332623796
11,7740,3.1054252482097895
12,8385,3.1115620696040476
13,9030,3.1189177977255373
14,9675,3.1195204999613484
