"idx_epoch","idx_iter","metric"
0,645,4.6192581807640805
1,1290,3.877254306914693
2,1935,3.604709075162983
3,2580,3.45373048496214
4,3225,3.3675744612930782
5,3870,3.308112267198406
6,4515,3.2749759492314356
7,5160,3.2508781920874914
8,5805,3.2332921414811904
9,6450,3.2279380911869198
10,7095,3.2249072701104375
11,7740,3.2232242872859334
12,8385,3.2264647567724616
13,9030,3.229608352806835
14,9675,3.2289721653653407
